{
  "trans" : {
    "1"     : [43.538616, 6.466547],
    "2"     : [43.538570, 6.466451],
    "3"     : [43.538577, 6.466582],
    "4"     : [43.538533, 6.466467],
    "5"     : [43.538548, 6.466603],
    "6"     : [43.538490, 6.466520],
    "7"     : [43.538523, 6.466630],
    "8"     : [43.538437, 6.466550],
    "9"     : [43.538509, 6.466778],
    "10"    : [43.538397, 6.466593],
    "12"    : [43.538262, 6.466740],
    "14"    : [43.538220, 6.466786],
    "19"    : [43.538276, 6.466898],
    "20"    : [43.538095, 6.466952],
    "21"    : [43.538239, 6.466933],
    "23"    : [43.538204, 6.466992],
    "24"    : [43.538037, 6.467041],
    "26"    : [43.537990, 6.467084],
    "27"    : [43.538130, 6.467092],
    "28"    : [43.537955, 6.467145],
    "30"    : [43.537920, 6.467196],
    "31"    : [43.538078, 6.467191],
    "33"    : [43.538037, 6.467261],
    "34"    : [43.537842, 6.467298],
    "34B"   : [43.537792, 6.467354],
    "36"    : [43.537763, 6.467397],
    "38"    : [43.537722, 6.467456],
    "43"    : [43.537823, 6.467542],
    "45"    : [43.537784, 6.467585],
    "48"    : [43.537523, 6.467703],
    "61_63" : [43.537527, 6.467918],
    "65"    : [43.537347, 6.468036],
  },
  "marchands" : {
    "2"  : [43.538678, 6.466308],
    "3"  : [43.538523, 6.466225],
    "4"  : [43.538653, 6.466241],
    "6"  : [43.538608, 6.466153],
    "7"  : [43.538496, 6.466147],
    "8"  : [43.538566, 6.466078],
    "9"  : [43.538430, 6.466072],
    "10" : [43.538538, 6.466000],
    "11" : [43.538428, 6.466011],
    "12" : [43.538507, 6.465944],
    "14" : [43.538500, 6.465879],
  },
  "marche" : {
    "marche_27"    : [43.538509, 6.465785],
    "marche_31"    : [43.538406, 6.465831],
  },
  "herbes" : {
    "1"  : [43.538735, 6.466713],
    "2"  : [43.538910, 6.466630],
    "3"  : [43.538710, 6.466646],
    "4"  : [43.538955, 6.466539],
    "5"  : [43.538682, 6.466542], 
    "6"  : [43.538929, 6.466499],
    "7"  : [43.538710, 6.466367],
    "8"  : [43.538902, 6.466453],
    "10" : [43.538879, 6.466408],
    "12" : [43.538859, 6.466359],
  }
};